{"version": 1, "notes": "", "documentation": "\"This file is a QMK Configurator export. You can import this at <https://config.qmk.fm>. It can also be used directly with QMK's source code.\n\nTo setup your QMK environment check out the tutorial: <https://docs.qmk.fm/#/newbs>\n\nYou can convert this file to a keymap.c using this command: `qmk json2c {keymap}`\n\nYou can compile this keymap using this command: `qmk compile {keymap}`\"\n", "keyboard": "crkbd/rev1", "keymap": "patui", "layout": "LAYOUT_split_3x6_3", "layers": [["KC_LSFT", "KC_Q", "KC_W", "KC_E", "KC_R", "KC_T", "KC_Y", "KC_U", "KC_I", "KC_O", "KC_P", "KC_CAPS", "KC_TAB", "KC_A", "KC_S", "KC_D", "KC_F", "KC_G", "KC_H", "KC_J", "KC_K", "KC_L", "KC_SCLN", "KC_QUOT", "KC_LCTL", "KC_Z", "KC_X", "KC_C", "KC_V", "KC_B", "KC_N", "KC_M", "KC_COMM", "KC_DOT", "KC_SLSH", "KC_ESC", "KC_LGUI", "MO(1)", "LSFT_T(KC_SPC)", "LALT_T(KC_ENT)", "MO(2)", "KC_BSPC"], ["KC_LSFT", "KC_1", "KC_2", "KC_3", "KC_4", "KC_5", "KC_6", "KC_7", "KC_8", "KC_9", "KC_0", "KC_NO", "KC_TAB", "KC_NO", "KC_NO", "KC_NO", "KC_NO", "KC_NO", "KC_LEFT", "KC_DOWN", "KC_UP", "KC_RGHT", "KC_CAPS", "KC_NO", "KC_LCTL", "KC_NO", "KC_NO", "KC_NO", "KC_NO", "KC_NO", "KC_HOME", "KC_PGDN", "KC_PGUP", "KC_END", "KC_INS", "KC_NO", "KC_LGUI", "KC_TRNS", "LSFT_T(KC_SPC)", "LALT_T(KC_ENT)", "MO(3)", "KC_BSPC"], ["KC_LSFT", "KC_EXLM", "KC_AT", "KC_HASH", "KC_DLR", "KC_PERC", "KC_CIRC", "KC_AMPR", "KC_ASTR", "KC_LPRN", "KC_RPRN", "KC_NO", "KC_TAB", "KC_NO", "KC_NO", "KC_NO", "KC_NO", "KC_NO", "KC_MINS", "KC_EQL", "KC_LBRC", "KC_RBRC", "KC_BSLS", "KC_GRV", "KC_LCTL", "KC_NO", "KC_NO", "KC_NO", "KC_NO", "KC_NO", "KC_UNDS", "KC_PLUS", "KC_LCBR", "KC_RCBR", "KC_PIPE", "KC_TILD", "KC_LGUI", "MO(3)", "LSFT_T(KC_SPC)", "LALT_T(KC_ENT)", "KC_TRNS", "KC_BSPC"], ["KC_NO", "KC_F1", "KC_F2", "KC_F3", "KC_F4", "KC_F5", "KC_F6", "KC_F7", "KC_F8", "KC_F9", "KC_F10", "KC_NO", "KC_NO", "KC_NO", "KC_NO", "KC_NO", "KC_NO", "KC_PSCR", "KC_MRWD", "KC_VOLD", "KC_VOLU", "KC_MFFD", "KC_F11", "KC_NO", "KC_NO", "KC_NO", "KC_NO", "KC_NO", "KC_NO", "KC_SCRL", "KC_MSTP", "KC_MPLY", "KC_MUTE", "KC_CALC", "KC_F12", "KC_NO", "KC_NO", "KC_TRNS", "KC_NO", "KC_NO", "KC_TRNS", "KC_NO"]], "author": ""}
